team,season,head_coach,offensive_coordinator,play_caller,hc_calls_plays,in_house,notes
ARI,2026,Mike LaFleur,Nathaniel Hackett,Mike LaFleur,1,0,"Mike LaFleur replaces Jonathan Gannon as head coach, bringing Shanahan-tree principles. Nathaniel Hackett arrives as OC, but LaFleur retains play-calling."
ATL,2026,Kevin Stefanski,Tommy Rees,Kevin Stefanski,1,0,"Kevin Stefanski replaces Raheem Morris, importing his wide zone/play-action offense. Tommy Rees coordinates while Stefanski resumes primary play-calling."
BAL,2026,Jesse Minter,Declan Doyle ,Declan Doyle ,0,0,Jesse Minter succeeds John Harbaugh as head coach. Declan Doyle arrives as OC and becomes Baltimore's new offensive play-caller.
BUF,2026,Joe Brady,Pete Carmichael Jr.,Joe Brady,1,1,"Joe Brady shifts from offensive coordinator to head coach. Pete Carmichael Jr. joins as OC, but Brady maintains offensive play-calling continuity."
CAR,2026,Dave Canales,Brad Idzik,Dave Canales,1,1,No philosophical changes. Dave Canales keeps head coaching and play-calling duties while Brad Idzik remains a complementary offensive coordinator.
CHI,2026,Ben Johnson,Press Taylor,Ben Johnson,1,1,"Ben Johnson enters Year 2 as head coach. Press Taylor replaces Declan Doyle as OC, but Johnson continues calling Detroit-style offense."
CIN,2026,Zac Taylor,Dan Pitcher,Zac Taylor,1,1,Complete continuity. Zac Taylor remains head coach and play-caller with Dan Pitcher returning as offensive coordinator for another season.
CLE,2026,Todd Monken,Travis Switzer,Todd Monken,1,0,"Todd Monken replaces Kevin Stefanski as head coach, bringing a more vertical passing philosophy. Travis Switzer joins as first-time NFL offensive coordinator."
DAL,2026,Brian Schottenheimer,Klayton Adams,Brian Schottenheimer,1,1,"Brian Schottenheimer returns for Year 2, keeping play-calling duties. Klayton Adams maintains OC job under Brian."
DEN,2026,Sean Payton,Davis Webb,Davis Webb,0,1,"Sean Payton relinquishes play-calling for the first time in Denver, handing offensive control to first-year coordinator Davis Webb."
DET,2026,Dan Campbell,Drew Petzing,Drew Petzing,0,0,"John Morton was fired mid-season and Dan Campbell assumed playcalling duties temporarily. Drew Petzing arrives from Arizona, installing his own scheme and assuming Detroit's offensive play-calling duties."
GB,2026,Matt LaFleur,Adam Stenavich,Matt LaFleur,1,1,"Matt LaFleur retains complete offensive control. Adam Stenavich remains offensive coordinator, preserving Green Bay's long-running offensive structure."
HOU,2026,DeMeco Ryans,Nick Caley,Nick Caley,0,1,Nick Caley enters year 2 as offensive coordinator and has play-calling responsibilities under DeMeco Ryans.
IND,2026,Shane Steichen,Jim Cooter,Shane Steichen,1,1,"Shane Steichen continues calling plays with Jim Cooter as offensive coordinator, maintaining offensive continuity."
JAX,2026,Liam Coen,Grant Udinski,Liam Coen,1,1,Liam Coen enters year 2 with Grant Udinski also entering year 2 as OC. Coen continues calling his McVay-influenced offensive system.
KC,2026,Andy Reid,Eric Bieniemy,Andy Reid,1,1,"Eric Bieniemy returns as offensive coordinator after Matt Nagy's departure, reuniting with Andy Reid, who continues calling the offense."
LAC,2026,Jim Harbaugh,Mike McDaniel,Mike McDaniel,0,0,"Greg Roman departs. Mike McDaniel becomes offensive coordinator and play-caller, replacing power-run concepts with Shanahan-style motion and outside-zone principles."
LAR,2026,Sean McVay,Nathan Scheelhaase,Sean McVay,1,1,Nathan Scheelhaase replaces Mike LaFleur as offensive coordinator. Sean McVay continues play-calling with minimal expected schematic changes.
LV,2026,Klint Kubiak,Andrew Janocko ,Klint Kubiak,1,0,"Klint Kubiak replaces Pete Carroll as head coach, installing his wide-zone offense. Andrew Janocko joins from Minnesota as offensive coordinator."
MIA,2026,Jeff Hafley,Bobby Slowik,Bobby Slowik,0,1,Mike McDaniel leaves for Los Angeles. Jeff Hafley becomes head coach while Bobby Slowik gets promoted to OC and installs a Texans-style offense and calls plays.
MIN,2026,Kevin O'Connell,Wes Phillips,Kevin O'Connell,1,1,Full continuity. Kevin O'Connell remains head coach and play-caller with Wes Phillips returning as offensive coordinator.
NE,2026,Mike Vrabel,Josh McDaniels,Josh McDaniels,0,1,"Mike Vrabel returns as head coach for year 2. Josh McDaniels returns as offensive coordinator and play-caller, restoring New England's longtime offensive architecture."
NO,2026,Kellen Moore,Doug Nussmeier,Kellen Moore,1,1,"Kellen Moore replaced Dennis Allen last year, bringing his Eagles-influenced offense. Doug Nussmeier enters year 2 as coordinator while Moore retains play-calling."
NYG,2026,John Harbaugh,Matt Nagy,Matt Nagy,0,0,"John Harbaugh replaces Brian Daboll. Matt Nagy becomes offensive coordinator and play-caller, introducing a substantially different offensive approach."
NYJ,2026,Aaron Glenn,Frank Reich,Frank Reich,0,0,Aaron Glenn returns for year 2. Veteran Frank Reich assumes offensive coordinator and play-calling duties to stabilize New York's offense.
PHI,2026,Nick Sirianni,Sean Mannion ,Sean Mannion ,0,1,Kevin Patullo departs. Sean Mannion becomes offensive coordinator through internal promotion and first-time NFL play-caller while Nick Sirianni remains hands-off offensively.
PIT,2026,Mike McCarthy,Brian Angelichio,Mike McCarthy,1,0,"Mike McCarthy replaces Mike Tomlin as head coach, bringing his West Coast roots and reclaiming offensive play-calling responsibilities."
SEA,2026,Mike Macdonald,Brian Fleury,Brian Fleury,0,0,Klint Kubiak departs. Brian Fleury becomes offensive coordinator and play-caller while Mike Macdonald preserves overall organizational continuity.
SF,2026,Kyle Shanahan,Klay Kubiak,Kyle Shanahan,1,1,"Kyle Shanahan continues calling plays. Klay Kubiak remains offensive coordinator, preserving one of the league's most stable offensive infrastructures."
TB,2026,Todd Bowles,Zac Robinson,Zac Robinson,0,0,"Zac Robinson arrives from Atlanta as offensive coordinator with play-calling duties, creating a new Tampa Bay offensive identity and reuniting with Baker Mayfield."
TEN,2026,Robert Saleh,Brian Daboll,Brian Daboll,0,0,"Robert Saleh replaces Brian Callahan as head coach. Brian Daboll arrives as offensive coordinator and play-caller, completely overhauling Tennessee's offense."
WAS,2026,Dan Quinn,David Blough,David Blough,0,1,Kliff Kingsbury departs. David Blough becomes offensive coordinator through internal promotion and first-time NFL play-caller while Dan Quinn maintains overall program continuity.