overall_pick,round,pick_in_round,team,is_you,player_key,player_name,pos,adp,pos_rank,seat,reach_picks,proj_points,vbd,overall_rank,floor,upside,tail_risk,boom_prob_live,bust_prob_live,base_value
1,1,1,0,True,00-0039075,Puka Nacua,WR,2.7,1,balanced,1.7,355.77000000000004,145.62000000000003,3.0,0.17500000000000004,-0.375,-0.375,0.625,0.0625,95.38678715891517
2,1,2,1,False,00-0038542,Bijan Robinson,RB,1.6,1,autopilot,-0.4,370.42999999999995,168.78999999999996,2.0,0.33333333333333337,-0.4,-0.33333333333333337,0.5294117647058824,0.058823529411764705,90.8994169928231
3,1,3,2,False,00-0039139,Jahmyr Gibbs,RB,1.8,2,balanced,-1.2,372.2100000000001,170.5700000000001,1.0,0.40625,-0.46875,-0.46875,0.4117647058823529,0.058823529411764705,90.20992875137016
4,1,4,3,False,00-0036900,Ja'Marr Chase,WR,3.9,2,reacher,-0.1,335.52,125.36999999999998,6.0,0.1428571428571429,-0.47619047619047616,-0.4285714285714286,0.5,0.125,89.93301195915093
5,1,5,4,False,00-0033280,Christian McCaffrey,RB,5.1,3,upside_chaser,0.1,342.68,141.04000000000002,4.0,-0.05882352941176472,-0.11764705882352938,0.0,0.7058823529411765,0.0,68.83203586059831
6,1,6,5,False,00-0036963,Amon-Ra St. Brown,WR,7.2,4,safe_floor,1.2,319.41,109.26000000000002,7.0,0.30434782608695654,-0.34782608695652173,-0.30434782608695654,0.4117647058823529,0.058823529411764705,86.88475717420768
7,1,7,6,False,00-0040122,Ashton Jeanty,RB,11.9,6,balanced,4.9,274.99,73.35000000000002,14.0,0.475,-0.325,-0.425,0.17647058823529413,0.11764705882352941,77.17135420503696
8,1,8,7,False,00-0038543,Jaxon Smith-Njigba,WR,5.9,3,chalk,-2.1,337.03000000000003,126.88000000000002,5.0,0.4772727272727273,-0.4318181818181818,-0.4772727272727273,0.5882352941176471,0.058823529411764705,96.75403422216992
9,1,9,8,False,00-0038597,Chase Brown,RB,16.3,9,value_hawk,7.3,277.58000000000004,75.94000000000005,13.0,0.34782608695652173,-0.391304347826087,-0.34782608695652173,0.17647058823529413,0.0,69.66207948291874
10,1,10,9,False,00-0036358,CeeDee Lamb,WR,10.6,6,balanced,0.6,273.17,63.02000000000001,20.0,-0.15999999999999998,0.12,0.16000000000000003,0.23076923076923078,0.07692307692307693,39.879360058497056
11,2,1,9,False,00-0036322,Justin Jefferson,WR,10.3,5,balanced,-0.7,269.49,59.34,22.0,0.4375,-0.3125,-0.35416666666666663,0.058823529411764705,0.17647058823529413,76.18346430938284
12,2,2,8,False,00-0038134,Kenneth Walker III,RB,22.5,12,value_hawk,10.5,251.79999999999998,50.16,26.0,0.21153846153846156,-0.28846153846153844,-0.3269230769230769,0.11764705882352941,0.23529411764705882,62.27910062402377
13,2,3,7,False,00-0039040,De'Von Achane,RB,9.5,5,chalk,-3.5,310.33,108.69,8.0,0.21052631578947367,-0.052631578947368474,-0.21052631578947367,0.3125,0.0,67.50668521222072
14,2,4,6,False,00-0037247,George Pickens,WR,18.5,9,balanced,4.5,252.31,42.16,30.0,0.0535714285714286,-0.2678571428571429,-0.19642857142857145,0.29411764705882354,0.11764705882352941,67.12162891216546
15,2,5,5,False,00-0036223,Jonathan Taylor,RB,7.7,4,safe_floor,-7.3,309.81000000000006,108.17000000000007,9.0,0.02777777777777779,-0.25,-0.1388888888888889,0.4117647058823529,0.058823529411764705,67.98787439192252
16,2,6,4,False,00-0039067,Rashee Rice,WR,27.3,14,upside_chaser,11.3,273.57000000000005,63.420000000000044,19.0,-0.24242424242424243,0.3939393939393939,0.24242424242424243,0.5,0.0,-15.682218793783804
17,2,7,3,False,00-0037238,Drake London,WR,12.8,7,reacher,-4.2,289.09000000000003,78.94000000000003,11.0,-0.17307692307692307,0.17307692307692313,0.17307692307692313,0.3333333333333333,0.25,33.26485343743599
18,2,8,2,False,00-0034844,Saquon Barkley,RB,19.8,11,balanced,1.8,265.89,64.25,18.0,-0.15999999999999998,0.08000000000000007,0.12,0.125,0.125,50.04925520803839
19,2,9,1,False,00-0035676,A.J. Brown,WR,13.6,8,autopilot,-5.4,257.13,46.97999999999999,28.0,-0.07407407407407407,0.03703703703703698,0.07407407407407407,0.26666666666666666,0.2,42.268120018208975
20,2,10,0,True,00-0037248,James Cook III,RB,13.7,7,balanced,-6.3,270.21999999999997,68.57999999999998,17.0,-0.09523809523809523,-0.04761904761904767,0.04761904761904767,0.5294117647058824,0.11764705882352941,59.76421544842438
21,3,1,0,True,00-0038120,Breece Hall,RB,30.3,15,balanced,9.3,253.29999999999998,51.66,25.0,0.06896551724137934,0.034482758620689724,0.0,0.125,0.25,53.19942548545065
22,3,2,1,False,00-0032764,Derrick Henry,RB,16.0,8,autopilot,-6.0,273.02000000000004,71.38000000000005,15.0,-0.11363636363636365,0.06818181818181812,0.06818181818181812,0.29411764705882354,0.058823529411764705,55.48705232012799
23,3,3,2,False,00-0039064,Zay Flowers,WR,25.6,12,balanced,2.6,243.56,33.41,36.0,0.3548387096774194,-0.25806451612903225,-0.3225806451612903,0.23529411764705882,0.11764705882352941,67.45386424341574
24,3,4,3,False,00-0037239,Chris Olave,WR,20.9,10,reacher,-3.1,257.34,47.18999999999997,27.0,0.10344827586206895,-0.31034482758620685,-0.24137931034482757,0.3125,0.0625,65.0220245061938
25,3,5,4,False,00-0037740,Garrett Wilson,WR,28.2,15,upside_chaser,3.2,245.08000000000004,34.930000000000035,34.0,-0.16176470588235292,0.1029411764705882,0.13235294117647056,0.42857142857142855,0.2857142857142857,6.715334593047444
26,3,6,5,False,00-0040666,Omarion Hampton,RB,17.4,10,safe_floor,-8.6,264.25000000000006,62.61000000000007,21.0,-0.35416666666666663,0.39583333333333337,0.39583333333333337,0.3333333333333333,0.1111111111111111,-1.1832691604380727
27,3,7,6,False,LOV121782,Jeremiyah Love,RB,22.6,13,balanced,-4.4,255.61999999999998,53.97999999999999,24.0,-0.2592592592592593,0.2592592592592592,0.2592592592592592,,,14.492119372219321
28,3,8,7,False,00-0036410,Tee Higgins,WR,27.0,13,chalk,-1.0,221.35999999999999,11.20999999999998,59.0,0.046875,0.015625,-0.046875,0.2,0.06666666666666667,39.3179276850132
29,3,9,8,False,00-0034857,Josh Allen,QB,27.9,1,value_hawk,-1.1,360.85,70.00800000000004,16.0,0.1428571428571428,-0.2857142857142857,-0.2857142857142857,0.25,0.1875,55.224205067802416
30,3,10,9,False,00-0040124,Tetairoa McMillan,WR,33.3,17,balanced,3.3,227.09000000000003,16.940000000000026,51.0,0.43055555555555547,-0.2638888888888889,-0.3194444444444444,0.058823529411764705,0.11764705882352941,60.85856967312047
31,4,1,9,False,00-0039338,Brock Bowers,TE,35.7,2,balanced,4.7,243.48000000000002,76.22000000000003,12.0,-0.1428571428571429,0.1428571428571428,0.1428571428571428,0.25,0.08333333333333333,31.155917336350875
32,4,2,8,False,00-0039915,Ladd McConkey,WR,36.7,19,value_hawk,4.7,212.39000000000001,2.240000000000009,68.0,0.22368421052631582,-0.1710526315789474,-0.19736842105263158,0.1875,0.3125,50.29165865195516
33,4,3,7,False,00-0036554,Nico Collins,WR,23.4,11,chalk,-9.6,249.3,39.150000000000006,33.0,0.050000000000000044,-0.15000000000000002,-0.04999999999999999,0.3333333333333333,0.06666666666666667,51.94191655284827
34,4,4,6,False,00-0038996,Tucker Kraft,TE,73.2,7,balanced,39.2,168.5,1.240000000000009,70.0,-0.45454545454545453,0.4545454545454545,0.4545454545454545,0.375,0.125,-6.4677949216179655
35,4,5,5,False,00-0031408,Mike Evans,WR,49.6,26,safe_floor,14.6,196.37,-13.780000000000001,100.0,-0.2692307692307692,0.4871794871794871,0.4871794871794871,0.0,0.25,-45.62741775997847
36,4,6,4,False,00-0036442,Joe Burrow,QB,46.9,2,upside_chaser,10.9,299.25,8.408000000000015,61.0,-0.4375,0.4375,0.4375,0.125,0.375,-55.6015750992691
37,4,7,3,False,00-0036275,D'Andre Swift,RB,47.5,21,reacher,10.5,222.09000000000003,20.450000000000045,48.0,0.1724137931034483,-0.103448275862069,-0.13793103448275862,0.3125,0.125,43.14929852789946
38,4,8,2,False,00-0031381,Davante Adams,WR,40.7,20,balanced,2.7,221.92,11.769999999999982,57.0,0.02564102564102555,0.0,-0.025641025641025605,0.35714285714285715,0.0,20.503560567087945
39,4,9,1,False,00-0036912,DeVonta Smith,WR,28.2,16,autopilot,-10.8,236.20000000000002,26.05000000000001,41.0,0.3142857142857143,-0.2285714285714286,-0.2,0.11764705882352941,0.23529411764705882,61.21074376867357
40,4,10,0,True,00-0036997,Javonte Williams,RB,35.4,17,balanced,-4.6,229.33,27.690000000000026,39.0,0.24137931034482762,-0.13793103448275862,-0.1724137931034483,0.1875,0.0,49.875944293607446
41,5,1,0,True,00-0037744,Trey McBride,TE,28.7,1,balanced,-12.3,264.5400000000001,97.28000000000009,10.0,-0.08333333333333337,-0.25,0.08333333333333337,0.5882352941176471,0.0,73.7761944908593
42,5,2,1,False,00-0035700,Josh Jacobs,RB,28.3,14,autopilot,-13.7,256.82,55.18000000000001,23.0,-0.1607142857142857,0.1607142857142858,0.1607142857142858,0.2,0.2,41.385638561191854
43,5,3,2,False,00-0040784,Quinshon Judkins,RB,49.7,22,balanced,6.7,213.96,12.320000000000022,55.0,0.06896551724137934,-0.06896551724137934,-0.06896551724137934,0.14285714285714285,0.2857142857142857,31.594591327449095
44,5,4,3,False,00-0040719,Bhayshul Tuten,RB,60.2,25,reacher,16.2,208.00999999999996,6.369999999999976,63.0,0.206896551724138,-0.24137931034482757,-0.20689655172413796,0.0,0.5333333333333333,39.85065205281522
45,5,5,4,False,00-0036613,Jaylen Waddle,WR,40.8,21,upside_chaser,-4.2,203.77,-6.3799999999999955,92.0,-0.3205128205128205,0.1794871794871794,0.28205128205128205,0.125,0.1875,-1.3857853753637102
46,5,6,5,False,00-0036973,Travis Etienne Jr.,RB,39.9,19,safe_floor,-6.1,234.68,33.04000000000002,37.0,0.3448275862068966,-0.3793103448275862,-0.3448275862068966,0.17647058823529413,0.11764705882352941,57.23368958468997
47,5,7,6,False,00-0039851,Drake Maye,QB,63.3,5,balanced,16.3,316.48799999999994,25.645999999999958,42.0,0.4545454545454545,-0.45454545454545453,-0.45454545454545453,0.23529411764705882,0.0,68.47104087020205
48,5,8,7,False,00-0040129,Emeka Egbuka,WR,45.5,23,chalk,-2.5,210.87000000000003,0.7200000000000273,74.0,0.33333333333333326,-0.23076923076923078,-0.2564102564102564,0.23529411764705882,0.29411764705882354,51.134748375897615
49,5,9,8,False,00-0037840,Kyren Williams,RB,32.8,16,value_hawk,-16.2,242.53,40.890000000000015,31.0,0.3793103448275862,-0.1724137931034483,-0.24137931034482757,0.17647058823529413,0.058823529411764705,59.67258573735852
50,5,10,9,False,00-0039337,Malik Nabers,WR,43.1,22,balanced,-6.9,224.37000000000003,14.220000000000027,53.0,0.02564102564102555,0.0,-0.025641025641025605,0.25,0.5,8.314390043766736
51,6,1,9,False,00-0040128,Tyler Warren,TE,54.3,4,balanced,3.3,201.75000000000003,34.49000000000004,35.0,0.33333333333333337,-0.11111111111111116,-0.33333333333333337,0.23529411764705882,0.058823529411764705,57.67926214679307
52,6,2,8,False,00-0040734,TreVeyon Henderson,RB,58.0,24,value_hawk,6.0,201.64,0.0,77.0,0.3793103448275862,-0.3793103448275862,-0.3793103448275862,0.17647058823529413,0.35294117647058826,50.63082101939979
53,6,3,7,False,00-0035659,Terry McLaurin,WR,36.2,18,chalk,-16.8,214.89,4.739999999999981,65.0,-0.1351351351351351,0.3513513513513513,0.1351351351351351,0.1,0.1,-9.85197394379854
54,6,4,6,False,00-0033077,Dak Prescott,QB,59.7,4,balanced,5.7,294.66599999999994,3.8239999999999554,67.0,0.25,-0.15000000000000002,-0.15000000000000002,0.17647058823529413,0.23529411764705882,42.847542513809714
55,6,5,5,False,00-0040126,Colston Loveland,TE,46.8,3,safe_floor,-8.2,207.83,40.57000000000002,32.0,0.4375,-0.4375,-0.4375,0.1875,0.1875,59.56039076009156
56,6,6,4,False,00-0035640,DK Metcalf,WR,56.2,28,upside_chaser,0.2,194.30999999999997,-15.840000000000032,104.0,-0.2435897435897436,0.20512820512820507,0.2564102564102564,0.13333333333333333,0.06666666666666667,-12.68334189224592
57,6,7,3,False,00-0036158,J.K. Dobbins,RB,94.4,34,reacher,37.4,174.92999999999995,-26.710000000000036,116.0,-0.13793103448275862,0.31034482758620696,0.31034482758620696,0.0,0.1,-38.0368006114415
58,6,8,2,False,00-0040735,Luther Burden III,WR,45.8,24,balanced,-12.2,206.41000000000003,-3.7399999999999807,87.0,-0.2948717948717949,0.07692307692307687,0.20512820512820507,0.06666666666666667,0.4,-8.640585191359662
59,6,9,1,False,00-0040715,Cam Skattebo,RB,37.7,18,autopilot,-21.3,244.19,42.55000000000001,29.0,-0.24137931034482757,0.24137931034482762,0.24137931034482762,0.25,0.125,-13.968834949045743
60,6,10,0,True,00-0039849,Marvin Harrison Jr.,WR,64.4,32,balanced,4.4,197.13000000000002,-13.019999999999982,97.0,-0.20512820512820512,0.3589743589743589,0.3589743589743589,0.08333333333333333,0.3333333333333333,-20.556426718530588
61,7,1,0,True,00-0037240,Jameson Williams,WR,48.5,25,balanced,-12.5,217.26,7.109999999999985,62.0,0.46153846153846145,-0.3333333333333333,-0.38461538461538464,0.17647058823529413,0.29411764705882354,56.1050590372743
62,7,2,1,False,00-0039361,Bucky Irving,RB,46.6,20,autopilot,-15.4,228.81000000000003,27.170000000000044,40.0,-0.13793103448275862,0.10344827586206895,0.10344827586206895,0.1,0.0,1.9958224064028087
63,7,3,2,False,00-0036971,Trevor Lawrence,QB,84.9,8,balanced,21.9,290.842,0.0,76.0,0.3846153846153846,-0.3846153846153846,-0.3846153846153846,0.17647058823529413,0.23529411764705882,53.43652868280239
64,7,4,3,False,00-0033106,Jared Goff,QB,94.2,10,reacher,30.2,276.968,-13.873999999999967,101.0,-0.15384615384615385,0.0,0.15384615384615385,0.17647058823529413,0.17647058823529413,-5.859258388828749
65,7,5,4,False,TAT143045,Carnell Tate,WR,62.6,31,upside_chaser,-2.4,181.07,-29.080000000000013,120.0,0.20512820512820507,0.0,-0.17948717948717946,,,-1.5044414164137407
66,7,6,5,False,00-0036355,Justin Herbert,QB,80.1,7,safe_floor,14.1,288.62399999999997,-2.2180000000000177,84.0,0.0,0.15384615384615385,0.0,0.3125,0.125,0.0
67,7,7,6,False,00-0039919,Rome Odunze,WR,54.0,27,balanced,-13.0,210.15,0.0,78.0,0.1794871794871794,-0.20512820512820512,-0.17948717948717946,0.16666666666666666,0.3333333333333333,17.0013876172698
68,7,8,7,False,00-0035685,David Montgomery,RB,56.2,23,chalk,-11.8,191.60000000000002,-10.039999999999964,95.0,-0.2931034482758621,0.1724137931034483,0.1724137931034483,0.058823529411764705,0.29411764705882354,-33.384590402742504
69,7,9,8,False,00-0040663,Harold Fannin Jr.,TE,68.9,5,value_hawk,-0.1,191.08,23.82000000000002,45.0,0.25,-0.25,-0.25,0.25,0.0,55.8723072585483
70,7,10,9,False,00-0038124,Christian Watson,WR,59.9,30,balanced,-10.1,190.76000000000002,-19.389999999999986,111.0,-0.21794871794871795,0.41025641025641024,0.41025641025641024,0.3,0.2,-32.1531507882664
71,8,1,9,False,00-0036875,Rhamondre Stevenson,RB,71.5,28,balanced,0.5,185.5,-16.139999999999986,106.0,-0.22413793103448276,0.4137931034482759,0.4137931034482759,0.21428571428571427,0.42857142857142855,-38.34875487305737
72,8,2,8,False,00-0036970,Kyle Pitts Sr.,TE,85.2,8,value_hawk,13.2,195.71000000000004,28.450000000000045,38.0,0.18181818181818177,-0.18181818181818182,-0.18181818181818182,0.29411764705882354,0.11764705882352941,57.48444438090771
73,8,3,7,False,00-0036252,Michael Pittman Jr.,WR,70.9,34,chalk,-2.1,191.67000000000002,-18.47999999999999,110.0,-0.17948717948717946,-0.20512820512820512,-0.07692307692307693,0.23529411764705882,0.35294117647058826,-1.6621653723876761
74,8,4,6,False,00-0034827,DJ Moore,WR,64.9,33,balanced,-9.1,205.33,-4.819999999999993,89.0,-0.1923076923076923,-0.1282051282051282,0.02564102564102555,0.23529411764705882,0.35294117647058826,-5.069775206752183
75,8,5,5,False,00-0034796,Lamar Jackson,QB,55.8,3,safe_floor,-19.2,314.74800000000005,23.906000000000063,44.0,0.0,0.0,0.0,0.3076923076923077,0.38461538461538464,14.330618811429957
76,8,6,4,False,00-0033873,Patrick Mahomes,QB,74.8,6,upside_chaser,-1.2,290.29799999999994,-0.5440000000000396,82.0,-0.2916666666666667,0.20833333333333326,0.20833333333333326,0.42857142857142855,0.14285714285714285,-25.143112155104035
77,8,7,3,False,00-0039065,Sam LaPorta,TE,72.9,6,reacher,-4.1,183.33,16.07000000000002,52.0,-0.36363636363636365,0.2727272727272727,0.36363636363636365,0.3333333333333333,0.0,1.8919834170507883
78,8,8,2,False,00-0037664,Alec Pierce,WR,59.9,29,balanced,-18.1,207.29000000000002,-2.859999999999985,86.0,-0.23076923076923078,0.15384615384615385,0.20512820512820507,0.13333333333333333,0.26666666666666666,-9.769104499379665
79,8,9,1,False,00-0037228,Jaylen Warren,RB,64.9,26,autopilot,-14.1,192.62,-9.019999999999982,94.0,-0.2586206896551724,0.206896551724138,0.206896551724138,0.0625,0.0,-33.48832965573888
80,8,10,0,True,00-0039910,Jayden Daniels,QB,86.9,9,balanced,6.9,313.426,22.584000000000003,46.0,-0.46153846153846156,0.46153846153846156,0.46153846153846156,0.0,0.14285714285714285,-101.61124691064505
81,9,1,0,True,00-0033921,Chris Godwin Jr.,WR,78.7,37,balanced,-2.3,181.00000000000003,-29.149999999999977,121.0,-0.15384615384615385,0.46153846153846145,0.46153846153846145,0.1111111111111111,0.4444444444444444,-37.22387811586477
82,9,2,1,False,00-0034348,Courtland Sutton,WR,71.9,35,autopilot,-10.1,204.28,-5.8700000000000045,91.0,-0.17948717948717946,-0.20512820512820512,-0.051282051282051266,0.17647058823529413,0.23529411764705882,-5.306654589573199
83,9,3,2,False,00-0036389,Jalen Hurts,QB,95.6,11,balanced,12.6,315.174,24.331999999999994,43.0,0.3076923076923077,-0.3076923076923077,-0.3076923076923077,0.1875,0.1875,50.95911312290724
84,9,4,3,False,00-0039893,Brian Thomas Jr.,WR,83.3,39,reacher,-0.7,175.07000000000002,-35.079999999999984,128.0,-0.14102564102564102,0.2564102564102564,0.28205128205128205,0.07142857142857142,0.14285714285714285,-14.692243905616401
85,9,5,4,False,00-0037525,Jordan Mason,RB,125.8,40,upside_chaser,40.8,132.16,-69.47999999999999,172.0,-0.08620689655172414,0.1724137931034483,0.1724137931034483,0.0625,0.5,-31.21611173298475
86,9,6,5,False,00-0038559,Michael Wilson,WR,82.6,38,safe_floor,-3.4,173.42999999999998,-36.72000000000003,132.0,-0.14102564102564102,-0.3333333333333333,-0.20512820512820512,0.23529411764705882,0.23529411764705882,0.7390704711533118
87,9,7,6,False,PRI206342,Jadarian Price,RB,72.8,29,balanced,-14.2,187.39,-14.25,102.0,0.206896551724138,-0.20689655172413796,-0.20689655172413796,,,13.26393850167264
88,9,8,7,False,00-0036139,Rico Dowdle,RB,78.8,30,chalk,-9.2,184.53,-17.109999999999985,108.0,-0.20689655172413796,0.13793103448275867,0.13793103448275867,0.17647058823529413,0.29411764705882354,-30.265242020194577
89,9,9,8,False,00-0040691,Jaxson Dart,QB,121.3,16,value_hawk,32.3,300.048,9.206000000000017,60.0,0.3846153846153846,-0.3846153846153846,-0.3846153846153846,0.2857142857142857,0.21428571428571427,33.06536406719644
90,9,10,9,False,00-0039738,Blake Corum,RB,120.4,38,balanced,30.4,133.93,-67.70999999999998,167.0,-0.08620689655172414,-0.13793103448275862,-0.13793103448275862,0.058823529411764705,0.6470588235294118,-27.062201268913036
91,10,1,9,False,00-0038117,Wan'Dale Robinson,WR,89.0,43,balanced,-2.0,188.93,-21.22,112.0,-0.11538461538461536,-0.20512820512820512,-0.07692307692307693,0.25,0.1875,-7.846180546948233
92,10,2,8,False,00-0038997,Josh Downs,WR,86.4,42,value_hawk,-5.6,171.15000000000003,-38.99999999999997,138.0,-0.1282051282051282,-0.38461538461538464,-0.20512820512820512,0.0,0.3125,-1.2818590241820687
93,10,3,7,False,00-0037256,Rachaad White,RB,101.1,36,chalk,8.1,170.12000000000003,-31.519999999999953,123.0,-0.12068965517241381,-0.20689655172413796,-0.20689655172413796,0.058823529411764705,0.35294117647058826,-27.381565111235176
94,10,4,6,False,00-0038994,Jordan Addison,WR,92.6,44,balanced,-1.4,167.34,-42.81,143.0,-0.1282051282051282,0.1282051282051282,0.20512820512820507,0.07142857142857142,0.21428571428571427,-16.121034935653718
95,10,5,5,False,TYS405541,Jordyn Tyson,WR,83.8,40,safe_floor,-11.2,172.38000000000002,-37.76999999999998,137.0,0.28205128205128205,-0.07692307692307693,-0.3333333333333333,,,-4.765950107812998
96,10,6,4,False,00-0037816,Romeo Doubs,WR,103.8,50,upside_chaser,7.8,164.13,-46.02000000000001,148.0,-0.15384615384615385,-0.15384615384615385,0.07692307692307687,0.0625,0.3125,-10.120606865241186
97,10,7,3,False,00-0037291,Jalen Nailor,WR,135.8,61,reacher,38.8,125.49,-84.66000000000001,188.0,-0.16666666666666669,-0.09722222222222221,0.125,0.058823529411764705,0.5882352941176471,-12.963214103781915
98,10,8,2,False,00-0036259,Jauan Jennings,WR,130.5,56,balanced,32.5,134.15,-76.0,177.0,-0.17948717948717946,0.2564102564102564,0.3076923076923076,0.0,0.13333333333333333,-17.643744438462335
99,10,9,1,False,00-0038606,Parker Washington,WR,73.4,36,autopilot,-25.6,178.85999999999999,-31.29000000000002,122.0,-0.16666666666666669,-0.025641025641025605,0.07692307692307687,0.0625,0.3125,-6.429761916053991
100,10,10,0,True,00-0038544,Quentin Johnston,WR,97.1,46,balanced,-2.9,169.82,-40.33000000000001,139.0,-0.14102564102564102,0.3076923076923076,0.3589743589743589,0.23076923076923078,0.15384615384615385,-17.81995232341972
101,11,1,0,True,00-0039918,Caleb Williams,QB,108.9,14,balanced,7.9,290.51000000000005,-0.3319999999999368,81.0,0.15384615384615385,-0.23076923076923073,-0.15384615384615385,0.17647058823529413,0.29411764705882354,7.422082203629429
102,11,2,1,False,00-0039146,Jayden Reed,WR,84.9,41,autopilot,-17.1,175.83999999999997,-34.31000000000003,127.0,0.3846153846153846,-0.23076923076923078,-0.38461538461538464,0.0,0.0,0.0
103,11,3,2,False,00-0039894,Xavier Worthy,WR,98.6,47,balanced,-4.4,167.41,-42.74000000000001,142.0,-0.1282051282051282,0.05128205128205121,0.1794871794871794,0.0,0.35714285714285715,-15.144518425033233
104,11,4,3,False,LEM694125,Makai Lemon,WR,106.3,51,reacher,2.3,166.73,-43.420000000000016,144.0,0.3589743589743589,-0.051282051282051266,-0.38461538461538464,,,-6.460324257612356
105,11,5,4,False,00-0039032,Tyjae Spears,RB,128.9,42,upside_chaser,23.9,136.42,-65.22,163.0,-0.08620689655172414,0.06896551724137934,0.06896551724137934,0.07692307692307693,0.23076923076923078,-31.397360546484585
106,11,6,5,False,00-0030506,Travis Kelce,TE,93.9,9,safe_floor,-12.1,185.94000000000003,18.680000000000035,49.0,0.09090909090909083,-0.18181818181818182,-0.09090909090909088,0.23529411764705882,0.11764705882352941,40.73671365258753
107,11,7,6,False,00-0038041,Jake Ferguson,TE,118.0,11,balanced,11.0,168.02999999999997,0.7699999999999818,73.0,0.36363636363636365,-0.2727272727272727,-0.36363636363636365,0.29411764705882354,0.17647058823529413,43.5431643723721
108,11,8,7,False,00-0036555,Chuba Hubbard,RB,79.5,31,chalk,-28.5,186.61,-15.029999999999973,103.0,-0.1896551724137931,0.1724137931034483,0.1724137931034483,0.06666666666666667,0.4666666666666667,-34.148764417095606
109,11,9,8,False,00-0039344,Jonathon Brooks,RB,127.3,41,value_hawk,18.3,133.96,-67.67999999999998,166.0,0.4137931034482759,-0.4482758620689655,-0.4482758620689655,,,0.0
110,11,10,9,False,00-0036264,Jordan Love,QB,132.1,18,balanced,22.1,256.922,-33.91999999999996,126.0,0.0,-0.07692307692307687,-0.15384615384615385,0.2,0.3333333333333333,-9.517573248138007
111,12,1,9,False,00-0035261,Tony Pollard,RB,71.2,27,balanced,-39.8,191.40000000000003,-10.239999999999952,96.0,-0.24137931034482757,0.27586206896551724,0.27586206896551724,0.058823529411764705,0.11764705882352941,-32.99508352880444
112,12,2,8,False,00-0040667,Matthew Golden,WR,112.5,52,value_hawk,0.5,155.79,-54.360000000000014,153.0,-0.16666666666666669,0.07692307692307687,0.28205128205128205,0.0,0.6428571428571429,-16.478517571892638
113,12,3,7,False,00-0033288,George Kittle,TE,106.9,10,chalk,-6.1,167.26,0.0,79.0,0.0,0.18181818181818177,0.0,0.36363636363636365,0.09090909090909091,2.0915901136507884
114,12,4,6,False,00-0040583,Woody Marks,RB,135.2,43,balanced,21.2,124.82000000000002,-76.81999999999996,180.0,-0.08620689655172414,-0.03448275862068967,-0.03448275862068967,0.0625,0.3125,-31.615244732332457
115,12,5,5,False,00-0036407,Jerry Jeudy,WR,137.7,62,safe_floor,22.7,145.08,-65.07,162.0,-0.17142857142857143,-0.3142857142857143,-0.02857142857142858,0.0,0.5882352941176471,-10.667947775293598
116,12,6,4,False,00-0040730,RJ Harvey,RB,90.3,32,upside_chaser,-25.7,178.88,-22.75999999999999,114.0,-0.1724137931034483,-0.1724137931034483,-0.1724137931034483,0.23529411764705882,0.23529411764705882,-25.360007719829113
117,12,7,3,False,00-0038933,Dalton Kincaid,TE,138.2,15,reacher,21.2,159.56,-7.699999999999989,93.0,-0.18181818181818182,0.36363636363636365,0.36363636363636365,0.25,0.16666666666666666,-16.386787397924657
118,12,8,2,False,00-0033090,Hunter Henry,TE,148.4,16,balanced,30.4,153.70000000000002,-13.559999999999974,99.0,-0.13636363636363635,-0.09090909090909088,-0.09090909090909088,0.17647058823529413,0.17647058823529413,-5.893564667497174
119,12,9,1,False,00-0037834,Brock Purdy,QB,101.2,12,autopilot,-17.8,292.222,1.3799999999999955,69.0,-0.23076923076923073,0.3846153846153846,0.3846153846153846,0.3333333333333333,0.2222222222222222,-34.52586431726091
120,12,10,0,True,00-0039855,Jalen McMillan,WR,142.0,63,balanced,22.0,133.56,-76.59,178.0,0.33823529411764697,-0.04411764705882354,-0.39705882352941174,0.0,0.75,-11.919705648037947
121,13,1,0,True,00-0033293,Aaron Jones Sr.,RB,91.9,33,balanced,-29.1,174.75000000000003,-26.889999999999958,117.0,-0.15517241379310343,0.3793103448275862,0.4137931034482759,0.0,0.25,-40.646152665133144
122,13,2,1,False,00-0034351,Dallas Goedert,TE,127.4,12,autopilot,5.4,178.96,11.700000000000017,58.0,0.18181818181818177,-0.18181818181818182,-0.18181818181818182,0.3333333333333333,0.06666666666666667,31.8588404215265
123,13,3,2,False,SAD482340,Kenyon Sadiq,TE,152.2,17,balanced,29.2,130.1,-37.16,134.0,0.36363636363636365,-0.2727272727272727,-0.36363636363636365,,,-0.8388539923319698
124,13,4,3,False,00-0035228,Kyler Murray,QB,149.0,21,reacher,25.0,261.876,-28.966000000000008,119.0,-0.3846153846153846,0.3076923076923077,0.3076923076923077,0.0,0.0,-92.12882257127339
125,13,5,4,False,00-0038935,Brenton Strange,TE,153.7,18,upside_chaser,28.7,151.2,-16.060000000000002,105.0,-0.04545454545454547,0.4545454545454545,0.4545454545454545,0.08333333333333333,0.16666666666666666,-16.308659766157966
126,13,6,5,False,00-0040236,Kyle Monangai,RB,105.6,37,safe_floor,-20.4,155.97000000000003,-45.66999999999996,147.0,-0.10344827586206895,-0.1724137931034483,-0.1724137931034483,0.058823529411764705,0.47058823529411764,-26.784129232857154
127,13,7,6,False,00-0039916,Ricky Pearsall,WR,100.4,48,balanced,-26.6,164.97,-45.18000000000001,146.0,-0.1282051282051282,0.46153846153846145,0.46153846153846145,0.0,0.3333333333333333,-33.763955328410304
128,13,8,7,False,00-0039732,Bo Nix,QB,118.4,15,chalk,-9.6,286.6460000000001,-4.195999999999913,88.0,0.3076923076923077,0.0,-0.3076923076923077,0.17647058823529413,0.17647058823529413,5.553974383939888
129,13,9,8,False,CON046719,KC Concepcion,WR,120.1,54,value_hawk,-8.9,145.32000000000002,-64.82999999999998,160.0,0.4358974358974359,-0.1282051282051282,-0.41025641025641024,,,-7.9535100736147655
130,13,10,9,False,00-0037197,Isiah Pacheco,RB,156.6,49,balanced,26.6,115.82000000000002,-85.81999999999996,191.0,-0.08695652173913043,0.34782608695652173,0.3913043478260869,0.0,0.6153846153846154,-36.27550556493673
131,14,1,9,False,LA Rams Defense,LA Rams Defense,DST,106.5,3,balanced,-24.5,,,,,,,,,
132,14,2,8,False,00-0037692,Brandon Aubrey,K,128.4,1,value_hawk,-3.6,153.0,21.0,47.0,,,,,,21.0
133,14,3,7,False,Denver Defense,Denver Defense,DST,100.9,2,chalk,-32.1,,,,,,,,,
134,14,4,6,False,Jacksonville Defense,Jacksonville Defense,DST,132.4,7,balanced,-1.6,,,,,,,,,
135,14,5,5,False,00-0031136,Chris Boswell,K,154.5,10,safe_floor,19.5,,,,,,,,,
136,14,6,4,False,Seattle Defense,Seattle Defense,DST,94.7,1,upside_chaser,-41.3,,,,,,,,,
137,14,7,3,False,Buffalo Defense,Buffalo Defense,DST,153.2,13,reacher,16.2,,,,,,,,,
138,14,8,2,False,00-0039172,Jake Bates,K,147.5,5,balanced,9.5,135.9,3.9000000000000057,66.0,,,,,,3.9000000000000057
139,14,9,1,False,Houston Defense,Houston Defense,DST,109.6,4,autopilot,-29.4,,,,,,,,,
140,14,10,0,True,New England Defense,New England Defense,DST,110.9,5,balanced,-29.1,,,,,,,,,
141,15,1,0,True,SMA037753,Trey Smack,K,150.5,8,balanced,9.5,,,,,,,,,
142,15,2,1,False,00-0037224,Cameron Dicker,K,140.3,2,autopilot,-1.7,144.1,12.099999999999994,56.0,,,,,,12.099999999999994
143,15,3,2,False,Philadelphia Defense,Philadelphia Defense,DST,127.8,6,balanced,-15.2,,,,,,,,,
144,15,4,3,False,00-0039498,Harrison Mevis,K,149.9,7,reacher,5.9,136.9,4.900000000000006,64.0,,,,,,4.900000000000006
145,15,5,4,False,00-0039409,Cam Little,K,154.1,9,upside_chaser,9.1,,,,,,,,,
146,15,6,5,False,Green Bay Defense,Green Bay Defense,DST,160.1,16,safe_floor,14.1,,,,,,,,,
147,15,7,6,False,00-0032726,Ka'imi Fairbairn,K,143.5,3,balanced,-3.5,144.5,12.5,54.0,,,,,,12.5
148,15,8,7,False,00-0031203,Cairo Santos,K,162.9,14,chalk,14.9,132.8,0.8000000000000114,72.0,,,,,,0.8000000000000114
149,15,9,8,False,Dallas Defense,Dallas Defense,DST,139.3,8,value_hawk,-9.7,,,,,,,,,
150,15,10,9,False,00-0031492,Jason Myers,K,145.6,4,balanced,-4.4,150.4,18.400000000000006,50.0,,,,,,18.400000000000006
