name,pos,team,adp,mean,q10,q90,upside_before,upside_after,upside_ratio,floor_before,floor_after,floor_ratio,durability_before,durability_after,durability_ratio,tail_risk_before,tail_risk_after,tail_risk_ratio,role_share,role_delta,td_regression
Bijan Robinson,RB,ATL,1.6,265.0534,124.5695,412.7662,0.2426,-0.4,1.5573,-0.1208,0.3333,0.47,-0.3635,0.3333,13.4281,0.3634,-0.3333,1.0873,0.7758,0.031,0.24
Jahmyr Gibbs,RB,DET,1.8,265.167,128.8114,408.691,0.2271,-0.4688,1.5413,-0.1053,0.4062,0.4858,-0.3532,0.4062,13.4397,0.3324,-0.4688,1.0555,0.7881,0.1032,0.5153
Puka Nacua,WR,LAR,2.7,264.106,127.9428,380.3011,0.1613,-0.375,1.44,-0.099,0.175,0.4844,-0.7284,0.075,13.4366,0.2603,-0.375,0.9555,0.6297,0.1051,0.4675
Ja'Marr Chase,WR,CIN,3.9,248.3782,120.0618,355.9178,0.093,-0.4762,1.433,-0.0493,0.1429,0.4834,-0.6076,0.0,13.3322,0.1423,-0.4286,0.9496,0.5971,0.1184,0.225
Christian McCaffrey,RB,SF,5.1,235.5861,98.5407,375.6607,0.1358,-0.1176,1.5946,-0.0829,-0.0588,0.4183,-0.4909,-0.0588,12.935,0.2187,0.0,1.1763,1.0,0.1303,0.1765
Jaxon Smith-Njigba,WR,SEA,5.9,257.9518,132.0584,370.0636,0.132,-0.4318,1.4346,-0.0516,0.4773,0.5119,-0.1834,0.4318,13.8935,0.1836,-0.4773,0.9227,0.5474,-0.0064,0.3882
Amon-Ra St. Brown,WR,DET,7.2,241.7415,119.1714,353.3155,0.0957,-0.3478,1.4615,-0.0183,0.3043,0.493,-0.1294,0.2609,13.7155,0.114,-0.3043,0.9686,0.4839,0.0173,0.2282
Jonathan Taylor,RB,IND,7.7,220.8169,92.7332,348.9212,0.0492,-0.25,1.5801,-0.0363,0.0278,0.42,-0.0738,0.0833,13.1688,0.0855,-0.1389,1.1602,1.0,0.127,0.6165
De'Von Achane,RB,MIA,9.5,223.6211,101.1355,359.9659,0.0924,-0.0526,1.6097,-0.0125,0.2105,0.4523,-0.3152,0.0,12.9623,0.105,-0.2105,1.1575,1.0,0.2406,0.3725
Justin Jefferson,WR,MIN,10.3,213.8036,108.5148,313.159,-0.0101,-0.3125,1.4647,0.0864,0.4375,0.5075,0.2431,0.2292,13.688,-0.0965,-0.3542,0.9572,0.4907,0.0524,-0.1059
CeeDee Lamb,WR,DAL,10.6,189.0967,70.2844,295.9233,-0.0062,0.12,1.5649,0.0303,-0.16,0.3717,-1.3026,-0.24,11.7887,-0.0364,0.16,1.1932,0.3994,0.1283,-0.0308
Ashton Jeanty,RB,LV,11.9,211.5963,105.8749,334.3425,0.004,-0.325,1.5801,0.0721,0.475,0.5004,0.4509,0.475,13.5791,-0.0681,-0.425,1.0797,0.7204,-0.1254,0.2235
Drake London,WR,ATL,12.8,189.3301,66.6756,302.2239,0.0261,0.1731,1.5963,0.01,-0.1731,0.3522,-1.6051,-0.2885,11.4895,0.0161,0.1731,1.2441,0.7514,0.2265,0.3167
A.J. Brown,WR,NE,13.6,189.162,73.1962,295.9055,-0.0065,0.037,1.5643,0.0453,-0.0741,0.3869,-0.4586,-0.1481,12.6336,-0.0519,0.0741,1.1773,0.6045,0.1746,0.2933
James Cook III,RB,BUF,13.7,203.1829,83.4474,327.5359,-0.0052,-0.0476,1.612,0.008,-0.0952,0.4107,0.2052,0.1905,13.229,-0.0132,0.0476,1.2013,0.7877,0.134,0.3929
Derrick Henry,RB,BAL,16.0,198.0602,81.3001,323.3174,-0.0098,0.0682,1.6324,0.0234,-0.1136,0.4105,-0.2514,-0.1136,12.7088,-0.0332,0.0682,1.2219,1.0,0.3413,0.4729
Chase Brown,RB,CIN,16.3,207.3775,95.7127,326.1957,-0.0237,-0.3913,1.573,0.0461,0.3478,0.4615,0.1946,0.2609,13.2705,-0.0698,-0.3478,1.1114,1.0,0.2302,0.2447
Omarion Hampton,RB,LAC,17.4,139.8999,29.5217,261.0361,-0.0607,0.3958,1.8659,0.0007,-0.3542,0.211,-3.0409,-0.4375,9.1976,-0.0614,0.3958,1.6549,0.7131,0.2751,0.1644
George Pickens,WR,DAL,18.5,203.0594,93.8465,300.6395,-0.0361,-0.2679,1.4805,0.0757,0.0536,0.4622,0.5304,0.3393,13.8215,-0.1118,-0.1964,1.0184,0.4289,0.035,0.2471
Saquon Barkley,RB,PHI,19.8,190.2814,74.3716,312.645,-0.0372,0.08,1.6431,0.0274,-0.16,0.3909,-0.3424,-0.24,12.5213,-0.0646,0.12,1.2522,0.7555,0.0098,0.1325
Chris Olave,WR,NO,20.9,201.1629,94.7373,297.6299,-0.0445,-0.3103,1.4795,0.0906,0.1034,0.4709,0.0954,0.1034,13.3594,-0.1351,-0.2414,1.0086,0.6258,0.1463,0.375
Kenneth Walker III,RB,KC,22.5,194.9073,85.4303,310.3141,-0.0655,-0.2885,1.5921,0.0608,0.2115,0.4383,0.3999,0.3269,13.321,-0.1263,-0.3269,1.1538,1.0,0.4514,0.0188
Jeremiyah Love,RB,ARI,22.6,163.6918,37.4505,299.513,0.0195,0.2593,1.8297,-0.0538,-0.2593,0.2288,-1.1776,-0.3704,11.3561,0.0733,0.2593,1.601,0.6831,,
Nico Collins,WR,HOU,23.4,189.4943,81.9747,286.691,-0.0566,-0.15,1.5129,0.0899,0.05,0.4326,-0.3014,-0.05,12.7955,-0.1465,-0.05,1.0803,0.459,0.1161,0.2053
Zay Flowers,WR,BAL,25.6,198.8775,98.0802,296.5406,-0.0419,-0.2581,1.4911,0.1202,0.3548,0.4932,0.5534,0.3226,13.7847,-0.1621,-0.3226,0.9979,0.6798,0.0975,0.2047
Tee Higgins,WR,CIN,27.0,167.6214,72.3847,262.4509,-0.0891,0.0156,1.5657,0.1597,0.0469,0.4318,-0.0033,-0.0469,12.7805,-0.2488,-0.0469,1.1339,0.4029,0.08,0.52
Rashee Rice,WR,KC,27.3,140.233,23.7286,258.2619,0.0801,0.3939,1.8417,-0.0145,-0.2424,0.1692,-3.4597,-0.4545,8.9321,0.0946,0.2424,1.6725,0.5456,0.2769,0.23
Josh Allen,QB,BUF,27.9,264.7871,129.331,383.1904,0.1293,-0.2857,1.4472,-0.0457,0.1429,0.4884,-1.972,0.0,13.5322,0.175,-0.2857,0.9587,1.0,0.0695,0.6275
Garrett Wilson,WR,NYJ,28.2,159.6829,35.4914,272.0826,0.0181,0.1029,1.7039,-0.0242,-0.1618,0.2223,-1.5318,-0.3382,11.1384,0.0424,0.1324,1.4816,0.4563,0.2033,0.4286
DeVonta Smith,WR,PHI,28.2,192.9465,93.7628,290.6596,-0.0497,-0.2286,1.5064,0.1321,0.3143,0.486,0.4949,0.2571,13.6412,-0.1818,-0.2,1.0205,0.6211,0.2084,0.0941
Josh Jacobs,RB,GB,28.3,178.6368,66.364,298.2239,-0.0677,0.1607,1.6694,0.0435,-0.1607,0.3715,-0.6027,-0.3036,12.1165,-0.1112,0.1607,1.2979,1.0,0.3498,0.4373
Trey McBride,TE,ARI,28.7,200.0481,92.9031,308.0944,0.1571,-0.25,1.5401,-0.177,-0.0833,0.4644,-0.5471,0.25,13.5972,0.3341,0.0833,1.0757,1.0,0.1941,0.2471
Breece Hall,RB,NYJ,30.3,185.7585,76.7396,306.4544,-0.0526,0.0345,1.6497,0.0634,0.069,0.4131,0.1209,0.0,12.9285,-0.116,0.0,1.2366,1.0,0.3795,0.02
Kyren Williams,RB,LAR,32.8,188.4904,86.8462,305.76,-0.0669,-0.1724,1.6222,0.1027,0.3793,0.4607,0.4659,0.3448,13.3073,-0.1696,-0.2414,1.1614,0.6659,-0.0191,0.2729
Tetairoa McMillan,WR,CAR,33.3,187.0658,94.0398,280.8545,-0.0776,-0.2639,1.5014,0.1678,0.4306,0.5027,0.9153,0.4861,13.9775,-0.2455,-0.3194,0.9987,0.6608,0.2364,0.2353
Javonte Williams,RB,DAL,35.4,175.4657,74.5509,285.1753,-0.1274,-0.1379,1.6252,0.1065,0.2414,0.4249,0.1472,0.0,12.827,-0.2339,-0.1724,1.2004,0.8194,0.1778,0.2575
Brock Bowers,TE,LV,35.7,156.9465,49.4083,253.6224,0.0211,0.1429,1.616,-0.0911,-0.1429,0.3148,-1.6555,-0.1429,11.4698,0.1122,0.1429,1.3012,1.0,0.3802,0.2833
Terry McLaurin,WR,WAS,36.2,123.3184,25.1044,225.7657,0.0032,0.3514,1.8308,0.0744,-0.1351,0.2036,-2.5338,-0.4054,9.6158,-0.0712,0.1351,1.6272,0.5546,0.328,0.14
Ladd McConkey,WR,LAC,36.7,174.732,84.4061,266.5476,-0.1016,-0.1711,1.5255,0.188,0.2237,0.4831,0.5866,0.1447,13.4723,-0.2896,-0.1974,1.0424,0.6047,0.3144,0.1875
Cam Skattebo,RB,NYG,37.7,118.5864,17.1867,234.3637,-0.0545,0.2414,1.9763,-0.0006,-0.2414,0.1449,-3.5471,-0.4828,8.4269,-0.0539,0.2414,1.8314,0.5915,0.2701,0.415
Travis Etienne Jr.,RB,NO,39.9,184.7016,81.9541,296.3431,-0.1031,-0.3793,1.6044,0.0972,0.3448,0.4437,0.3761,0.2414,13.1706,-0.2003,-0.3448,1.1607,0.7507,0.0603,0.2659
Davante Adams,WR,LAR,40.7,155.2983,53.3503,259.0592,-0.0347,0.0,1.6681,0.1112,0.0256,0.3435,-0.9518,-0.2051,11.6556,-0.1459,-0.0256,1.3246,0.3703,0.0708,0.5429
Jaylen Waddle,WR,DEN,40.8,146.5513,0.0,258.2526,0.0252,0.1795,1.7622,-0.2041,-0.3205,0.0,0.7409,0.0513,13.2231,0.2294,0.2821,1.7622,0.5037,0.0568,0.2375
Malik Nabers,WR,NYG,43.1,150.6136,38.4316,258.598,-0.0042,0.0,1.717,0.0379,0.0256,0.2552,-1.402,-0.3077,11.1384,-0.0421,-0.0256,1.4618,0.6483,0.5244,0.3
Emeka Egbuka,WR,TB,45.5,175.8551,85.2165,268.8217,-0.0941,-0.2308,1.5287,0.1859,0.3333,0.4846,1.0411,0.4615,13.9428,-0.28,-0.2564,1.0441,0.4772,0.1494,0.1694
Luther Burden III,WR,CHI,45.8,142.4033,0.0,248.8207,-0.0058,0.0769,1.7473,-0.1908,-0.2949,0.0,0.8001,0.0513,13.223,0.1849,0.2051,1.7473,0.4926,0.2709,0.08
Bucky Irving,RB,TB,46.6,129.6224,26.8074,239.0768,-0.1324,0.1034,1.8444,0.0278,-0.1379,0.2068,-2.3604,-0.3793,9.7506,-0.1602,0.1034,1.6376,1.0,0.6303,0.104
Colston Loveland,TE,CHI,46.8,165.884,82.9838,254.0002,-0.0197,-0.4375,1.5312,0.0455,0.4375,0.5003,0.2062,-0.0625,13.5429,-0.0652,-0.4375,1.0309,1.0,0.3362,0.18
Joe Burrow,QB,CIN,46.9,162.4886,31.1475,293.5432,-0.0678,0.4375,1.8065,0.044,-0.4375,0.1917,-1.0048,-0.4375,9.2838,-0.1118,0.4375,1.6149,1.0,0.5576,-0.03
D'Andre Swift,RB,CHI,47.5,169.2623,68.5877,281.7304,-0.1186,-0.1034,1.6645,0.1057,0.1724,0.4052,0.1039,0.0,12.7068,-0.2242,-0.1379,1.2592,0.6203,0.0291,0.3125
Jameson Williams,WR,DET,48.5,182.9496,91.6832,278.2458,-0.0742,-0.3333,1.5209,0.1796,0.4615,0.5011,0.8229,0.4359,13.8261,-0.2537,-0.3846,1.0197,0.3662,0.0495,0.2988
Mike Evans,WR,SF,49.6,82.7237,0.0,184.0528,0.2391,0.4872,2.2249,0.0018,-0.2692,0.0,-3.4718,-0.4872,8.0967,0.2373,0.4872,2.2249,0.4745,0.3325,0.15
Quinshon Judkins,RB,CLE,49.7,157.1265,56.093,267.6002,-0.1393,-0.069,1.7031,0.0943,0.069,0.357,-0.2683,-0.1724,12.1839,-0.2336,-0.069,1.3461,0.6633,0.1601,0.2029
Rome Odunze,WR,CHI,54.0,146.6683,47.9598,244.1208,-0.0721,-0.2051,1.6644,0.1225,0.1795,0.327,-0.9002,-0.2308,11.5837,-0.1945,-0.1795,1.3374,0.5074,0.2559,0.2833
Tyler Warren,TE,IND,54.3,162.6725,80.9808,253.0554,-0.0111,-0.1111,1.5556,0.0606,0.3333,0.4978,0.5341,0.4444,13.7948,-0.0717,-0.3333,1.0578,1.0,0.1962,-0.0047
Lamar Jackson,QB,BAL,55.8,221.1102,93.3867,336.576,-0.0332,0.0,1.5222,0.0532,0.0,0.4224,-1.0789,-0.2222,12.1984,-0.0864,0.0,1.0999,1.0,0.1631,0.0338
David Montgomery,RB,HOU,56.2,113.4536,0.0,237.6608,0.0389,0.1724,2.0948,-0.1299,-0.2931,0.0,1.1154,0.1379,13.0257,0.1688,0.1724,2.0948,0.5782,0.2666,0.2
DK Metcalf,WR,PIT,56.2,134.1533,0.0,243.0875,0.0267,0.2051,1.812,-0.1641,-0.2436,0.0,0.3728,-0.0769,12.6775,0.1909,0.2564,1.812,0.3582,-0.1125,0.2853
TreVeyon Henderson,RB,NE,58.0,169.3393,73.3791,275.1692,-0.1577,-0.3793,1.625,0.1335,0.3793,0.4333,0.8848,0.4828,13.4886,-0.2912,-0.3793,1.1916,0.6359,0.1864,0.2871
Dak Prescott,QB,DAL,59.7,241.0367,122.7869,355.6567,0.0285,-0.15,1.4755,0.065,0.25,0.5094,-0.5817,0.15,13.7116,-0.0365,-0.15,0.9661,1.0,0.0318,0.0329
Alec Pierce,WR,IND,59.9,142.2026,0.0,255.649,0.0439,0.1538,1.7978,-0.1901,-0.2308,0.0,0.4803,0.0513,12.9003,0.234,0.2051,1.7978,0.5161,0.1939,0.28
Christian Watson,WR,GB,59.9,104.0121,0.0,211.2203,0.1279,0.4103,2.0307,-0.0669,-0.2179,0.0,-1.8113,-0.359,10.0619,0.1948,0.4103,2.0307,0.3024,0.0642,0.468
Bhayshul Tuten,RB,JAX,60.2,160.9745,61.3647,266.952,-0.1652,-0.2414,1.6583,0.1069,0.2069,0.3812,0.114,-0.1034,12.614,-0.272,-0.2069,1.2771,0.72,0.486,0.232
Carnell Tate,WR,TEN,62.6,128.6491,29.7608,227.8549,-0.0356,0.0,1.7711,0.085,0.2051,0.2313,-1.0875,-0.2821,11.1384,-0.1206,-0.1795,1.5398,0.3416,,
Drake Maye,QB,NE,63.3,261.2514,150.1224,369.5847,0.0776,-0.4545,1.4147,0.0538,0.4545,0.5746,-0.9577,0.4545,14.3662,0.0238,-0.4545,0.84,1.0,0.005,0.08
Marvin Harrison Jr.,WR,ARI,64.4,121.7991,0.0,229.778,0.0531,0.359,1.8865,-0.1243,-0.2051,0.0,-0.5235,-0.1538,11.6043,0.1773,0.359,1.8865,0.4701,0.203,0.15
Jaylen Warren,RB,PIT,64.9,110.674,0.0,235.9458,0.0624,0.2069,2.1319,-0.1214,-0.2586,0.0,0.812,-0.069,12.6878,0.1839,0.2069,2.1319,0.4978,0.0151,0.1375
DJ Moore,WR,BUF,64.9,146.7077,0.0,258.094,0.0229,-0.1282,1.7592,-0.2046,-0.1923,0.0,1.0291,0.3333,13.5135,0.2275,0.0256,1.7592,0.5321,0.2044,0.2682
Harold Fannin Jr.,TE,CLE,68.9,157.4142,76.5688,243.9322,-0.0429,-0.25,1.5496,0.078,0.25,0.4864,0.4292,0.15,13.5656,-0.1209,-0.25,1.0632,1.0,0.3406,0.285
Michael Pittman Jr.,WR,PIT,70.9,144.1807,0.0,251.2152,-0.0038,-0.2051,1.7424,-0.1965,-0.1795,0.0,1.1036,0.359,13.5519,0.1927,-0.0769,1.7424,0.3849,0.0292,0.2
Tony Pollard,RB,TEN,71.2,114.6318,0.0,245.3941,0.0906,0.2759,2.1407,-0.1335,-0.2414,0.0,1.0909,0.1379,13.0158,0.2241,0.2759,2.1407,0.5843,-0.0305,0.1482
Rhamondre Stevenson,RB,NE,71.5,96.9471,0.0,218.9342,0.1217,0.4138,2.2583,-0.0797,-0.2241,0.0,-0.1208,-0.2414,11.5847,0.2014,0.4138,2.2583,0.3641,-0.1036,0.3257
Courtland Sutton,WR,DEN,71.9,144.4109,0.0,252.3008,0.0018,-0.2051,1.7471,-0.1972,-0.1795,0.0,0.9366,0.2051,13.3882,0.199,-0.0513,1.7471,0.4963,0.1474,0.1765
Jadarian Price,RB,SEA,72.8,133.8562,34.1501,241.2088,-0.1541,-0.2069,1.802,0.0632,0.2069,0.2551,-0.8074,-0.2931,11.3561,-0.2173,-0.2069,1.5469,0.6069,,
Sam LaPorta,TE,DET,72.9,105.1283,21.5499,193.0319,-0.0134,0.2727,1.8362,0.0822,-0.3636,0.205,-2.4438,-0.3636,9.4564,-0.0956,0.3636,1.6312,1.0,0.3509,0.2
Tucker Kraft,TE,GB,73.2,90.8694,16.2813,174.9232,0.0053,0.4545,1.925,0.1343,-0.4545,0.1792,-2.761,-0.4545,8.8021,-0.129,0.4545,1.7458,1.0,0.4448,0.45
Parker Washington,WR,JAX,73.4,131.9764,0.0,235.0604,-0.0127,-0.0256,1.7811,-0.1571,-0.1667,0.0,1.23,0.3077,13.5036,0.1444,0.0769,1.7811,0.276,-0.0486,0.105
Patrick Mahomes,QB,KC,74.8,202.9829,50.4392,332.2009,-0.0175,0.2083,1.6366,-0.0522,-0.2917,0.2485,0.2168,-0.125,12.5699,0.0347,0.2083,1.3881,1.0,0.0503,0.2286
Chris Godwin Jr.,WR,TB,78.7,88.513,0.0,185.7881,0.1358,0.4615,2.099,-0.0169,-0.1538,0.0,-2.6067,-0.4615,9.0447,0.1526,0.4615,2.099,0.2402,0.1011,0.0444
Rico Dowdle,RB,PIT,78.8,111.6389,0.0,238.9143,0.0753,0.1379,2.1401,-0.1244,-0.2069,0.0,1.2281,0.2069,13.1159,0.1997,0.1379,2.1401,0.5022,-0.0764,0.1059
Chuba Hubbard,RB,CAR,79.5,106.397,0.0,229.8473,0.0699,0.1724,2.1603,-0.1084,-0.1897,0.0,0.4283,-0.1034,12.2511,0.1784,0.1724,2.1603,0.4992,0.115,0.0347
Justin Herbert,QB,LAC,80.1,222.242,78.096,348.6622,0.0195,0.1538,1.5688,-0.022,0.0,0.3514,0.3418,0.0769,13.6769,0.0416,0.0,1.2174,1.0,0.0436,0.02
Michael Wilson,WR,ARI,82.6,137.2938,0.0,236.1186,-0.0532,-0.3333,1.7198,-0.1743,-0.141,0.0,1.3924,0.4103,13.7421,0.121,-0.2051,1.7198,0.5299,0.0688,0.2118
Brian Thomas Jr.,WR,JAX,83.3,122.3337,0.0,228.5092,0.0365,0.2564,1.8679,-0.126,-0.141,0.0,0.519,-0.0256,12.6545,0.1625,0.2821,1.8679,0.2558,0.0241,0.1057
Jordyn Tyson,WR,NO,83.8,120.2914,27.1453,215.307,-0.0495,-0.0769,1.7899,0.1063,0.2821,0.2257,-0.9679,-0.2692,11.1384,-0.1557,-0.3333,1.5642,0.3742,,
Trevor Lawrence,QB,JAX,84.9,246.043,131.5058,355.1799,0.0237,-0.3846,1.4436,0.0711,0.3846,0.5345,-0.3783,0.3077,14.1702,-0.0474,-0.3846,0.9091,1.0,0.0,0.36
Jayden Reed,WR,GB,84.9,126.5782,30.6027,223.6811,-0.0477,-0.2308,1.7671,0.1021,0.3846,0.2418,-1.0579,-0.2692,11.1384,-0.1498,-0.3846,1.5254,0.368,0.2625,0.04
Kyle Pitts Sr.,TE,ATL,85.2,161.4027,77.5164,253.1999,-0.0042,-0.1818,1.5687,0.05,0.1818,0.4803,0.4368,0.3636,13.6675,-0.0542,-0.1818,1.0885,1.0,0.0589,0.1412
Josh Downs,WR,IND,86.4,133.3195,0.0,230.1016,-0.0626,-0.3846,1.7259,-0.1614,-0.1282,0.0,1.1612,0.2308,13.454,0.0988,-0.2051,1.7259,0.4839,0.2406,0.0625
Jayden Daniels,QB,WAS,86.9,137.1254,0.0,293.6906,0.1294,0.4615,2.1418,-0.0519,-0.4615,0.0,-1.3446,-0.4615,7.6508,0.1813,0.4615,2.1418,1.0,0.5674,0.1657
Wan'Dale Robinson,WR,TEN,89.0,139.0088,0.0,247.0754,0.011,-0.2051,1.7774,-0.1798,-0.1154,0.0,1.0298,0.2051,13.404,0.1908,-0.0769,1.7774,0.3691,-0.1035,0.075
RJ Harvey,RB,DEN,90.3,114.5986,0.0,235.256,0.0026,-0.1724,2.0529,-0.1334,-0.1724,0.0,1.4211,0.3793,13.3456,0.136,-0.1724,2.0529,0.501,-0.0255,0.3718
Aaron Jones Sr.,RB,MIN,91.9,81.6521,0.0,194.5492,0.1713,0.3793,2.3827,-0.0332,-0.1552,0.0,-1.4732,-0.3448,10.0425,0.2045,0.4138,2.3827,0.4882,0.0962,0.0267
Jordan Addison,WR,MIN,92.6,118.6287,0.0,218.5128,-0.0038,0.1282,1.842,-0.114,-0.1282,0.0,0.5057,-0.0769,12.5882,0.1102,0.2051,1.842,0.2723,-0.0216,0.1
Travis Kelce,TE,KC,93.9,143.5603,59.4097,226.6963,-0.0815,-0.1818,1.5791,0.0811,0.0909,0.4138,-0.0996,0.0,12.7092,-0.1626,-0.0909,1.1653,1.0,0.1761,0.1341
Jared Goff,QB,DET,94.2,215.3053,62.7297,333.3099,-0.039,0.0,1.5481,-0.0559,-0.1538,0.2914,0.8241,0.1538,13.8055,0.0169,0.1538,1.2567,1.0,0.0,-0.0212
J.K. Dobbins,RB,DEN,94.4,78.9166,0.0,184.4934,0.1131,0.3103,2.3378,-0.0249,-0.1379,0.0,-2.1844,-0.4483,9.2973,0.138,0.3103,2.3378,0.345,0.0775,0.16
Jalen Hurts,QB,PHI,95.6,249.5803,126.7741,363.3507,0.0553,-0.3077,1.4558,0.0312,0.3077,0.5079,-1.0198,0.0,13.7091,0.024,-0.3077,0.9479,1.0,0.0421,0.2975
Jakobi Meyers,WR,JAX,96.2,129.377,0.0,237.3989,0.031,0.0513,1.8349,-0.1487,-0.1282,0.0,0.8067,0.1282,13.043,0.1797,0.1538,1.8349,0.2705,0.0997,-0.015
Quentin Johnston,WR,LAC,97.1,114.2302,0.0,217.0328,0.037,0.3077,1.9,-0.0998,-0.141,0.0,0.0227,-0.0769,12.0423,0.1368,0.359,1.9,0.3953,0.1219,0.3846
Xavier Worthy,WR,KC,98.6,116.8086,0.0,214.6052,-0.0157,0.0513,1.8372,-0.1082,-0.1282,0.0,0.6504,0.0256,12.7069,0.0925,0.1795,1.8372,0.4544,0.2577,-0.0143
Ricky Pearsall,WR,SF,100.4,91.598,0.0,190.4747,0.1283,0.4615,2.0795,-0.0268,-0.1282,0.0,-2.0885,-0.4615,9.607,0.1551,0.4615,2.0795,0.5255,0.3405,-0.0889
Rachaad White,RB,WAS,101.1,108.9908,0.0,228.0867,0.015,-0.2069,2.0927,-0.1163,-0.1207,0.0,1.3121,0.3103,13.167,0.1314,-0.2069,2.0927,0.5223,0.1406,-0.0165
Brock Purdy,QB,SF,101.2,179.2784,47.637,304.4235,-0.085,0.3846,1.698,0.0546,-0.2308,0.2657,-0.8706,-0.3846,10.274,-0.1396,0.3846,1.4323,1.0,0.3961,0.24
Khalil Shakir,WR,BUF,102.1,129.0032,0.0,228.9102,-0.0309,-0.3077,1.7745,-0.1475,-0.141,0.0,1.0944,0.1282,13.3254,0.1166,-0.0769,1.7745,0.4679,0.0942,0.0625
Romeo Doubs,WR,NE,103.8,123.7803,0.0,223.2083,-0.0225,-0.1538,1.8033,-0.1307,-0.1538,0.0,1.1862,0.1538,13.3424,0.1082,0.0769,1.8033,0.3955,0.0805,0.15
Matthew Stafford,QB,LAR,104.6,209.7458,54.7172,327.6306,-0.0552,0.0,1.562,-0.0654,-0.3846,0.2609,0.5625,-0.3077,13.2605,0.0101,0.3077,1.3012,1.0,0.0,-0.0494
Kyle Monangai,RB,CHI,105.6,103.6075,0.0,219.8013,0.0175,-0.1724,2.1215,-0.1,-0.1034,0.0,1.6691,0.4483,13.4572,0.1174,-0.1724,2.1215,0.3797,-0.0025,-0.0094
Makai Lemon,WR,PHI,106.3,117.6945,26.7709,215.9551,-0.0146,-0.0513,1.8349,0.1164,0.359,0.2275,-0.9307,-0.2692,11.1384,-0.131,-0.3846,1.6074,0.3789,,
George Kittle,TE,SF,106.9,101.1463,22.7762,185.7224,-0.033,0.1818,1.8362,0.1242,0.0,0.2252,-2.0009,-0.2727,9.8052,-0.1571,0.0,1.611,1.0,0.4532,0.3891
Caleb Williams,QB,CHI,108.9,231.4367,75.2697,355.1554,0.0353,-0.2308,1.5346,-0.0829,0.1538,0.3252,0.5106,0.4615,14.3145,0.1182,-0.1538,1.2093,1.0,0.0072,0.0824
Matthew Golden,WR,GB,112.5,113.4101,0.0,211.348,-0.0026,0.0769,1.8636,-0.0972,-0.1667,0.0,0.7237,0.0513,12.7315,0.0946,0.2821,1.8636,0.3297,0.1845,-0.0457
Jalen Coker,WR,CAR,114.8,96.0158,0.0,192.5049,0.071,0.3846,2.0049,-0.0411,-0.1667,0.0,-0.8073,-0.4359,10.9515,0.112,0.3846,2.0049,0.3392,0.1166,0.1818
Jake Ferguson,TE,DAL,118.0,140.0482,66.3949,222.1521,-0.0917,-0.2727,1.5863,0.1605,0.3636,0.4741,0.8033,0.3636,13.5291,-0.2522,-0.3636,1.1122,1.0,0.214,0.1765
Bo Nix,QB,DEN,118.4,229.6829,82.1585,358.9749,0.0541,0.0,1.5629,-0.0438,0.3077,0.3577,0.4822,0.3846,14.1967,0.0979,-0.3077,1.2052,1.0,0.0224,0.1624
KC Concepcion,WR,CLE,120.1,109.3088,25.8074,199.8285,-0.054,-0.1282,1.8281,0.1521,0.4359,0.2361,-0.8107,-0.2564,11.1384,-0.2062,-0.4103,1.592,0.3366,,
Blake Corum,RB,LAR,120.4,94.5595,0.0,201.6814,-0.0154,-0.1379,2.1329,-0.0724,-0.0862,0.0,1.6528,0.3448,13.3287,0.0571,-0.1379,2.1329,0.3341,0.0289,0.1506
Jaxson Dart,QB,NYG,121.3,232.7124,111.9186,342.0566,-0.0225,-0.3846,1.4699,0.0679,0.3846,0.4809,-0.5985,-0.0769,13.2704,-0.0904,-0.3846,0.9889,1.0,0.2782,0.4543
Jayden Higgins,WR,HOU,122.5,116.4923,0.0,212.4998,-0.03,-0.1795,1.8242,-0.1071,-0.1795,0.0,1.9035,0.4872,13.9554,0.0772,0.0769,1.8242,0.2822,0.0623,0.2471
Jacory Croskey-Merritt,RB,WAS,122.9,99.6715,0.0,206.9323,-0.0471,-0.2759,2.0761,-0.088,-0.1034,0.0,1.6216,0.4138,13.3609,0.0409,-0.2759,2.0761,0.4777,0.0366,0.2329
Jordan Mason,RB,MIN,125.8,85.6007,0.0,193.0423,0.0631,0.1724,2.2551,-0.0452,-0.0862,0.0,1.1762,0.069,12.7408,0.1083,0.1724,2.2551,0.5118,0.0861,0.145
Jonathon Brooks,RB,CAR,127.3,106.7328,23.1985,201.9628,-0.1965,-0.4483,1.8922,0.1079,0.4138,0.2174,-0.4708,-0.2414,11.3561,-0.3044,-0.4483,1.6749,0.5008,,
Dallas Goedert,TE,PHI,127.4,132.0719,48.5977,215.2729,-0.0871,-0.1818,1.63,0.098,0.1818,0.368,-0.3039,0.0,12.2333,-0.1851,-0.1818,1.262,1.0,0.1411,0.5333
Tyjae Spears,RB,TEN,128.9,81.5568,0.0,182.8224,0.0299,0.069,2.2417,-0.0329,-0.0862,0.0,-0.1213,-0.1379,11.3932,0.0628,0.069,2.2417,0.4157,0.0461,-0.0462
Baker Mayfield,QB,TB,129.3,214.397,69.4957,331.6386,-0.0451,-0.2308,1.5468,-0.0197,0.1538,0.3241,0.9086,0.2308,13.8437,-0.0255,-0.1538,1.2227,1.0,0.0105,-0.0047
Mark Andrews,TE,BAL,129.6,113.5099,0.0,200.8217,-0.0392,-0.0909,1.7692,-0.1686,-0.2727,0.0,1.1474,0.2727,13.2458,0.1294,0.0909,1.7692,1.0,0.4309,0.1553
Jauan Jennings,WR,MIN,130.5,103.2645,0.0,196.696,-0.0009,0.2564,1.9048,-0.0645,-0.1795,0.0,0.7739,0.0256,12.6365,0.0635,0.3077,1.9048,0.237,-0.156,0.3067
Rashid Shaheed,WR,SEA,130.7,116.6021,0.0,209.3675,-0.0581,-0.3333,1.7956,-0.1075,-0.1795,0.0,1.5718,0.3333,13.6253,0.0494,-0.0513,1.7956,0.2474,0.0606,0.0044
Jordan Love,QB,GB,132.1,204.3529,59.3232,320.6338,-0.0776,-0.0769,1.569,-0.0156,0.0,0.2903,0.8921,0.0769,13.3151,-0.062,-0.1538,1.2787,1.0,0.167,-0.048
Denzel Boston,WR,CLE,132.7,99.1554,21.0321,189.069,-0.0149,0.2564,1.9068,0.1609,0.2821,0.2121,-0.6653,-0.2692,11.1384,-0.1758,-0.2051,1.6947,0.3054,,
Omar Cooper Jr.,WR,NYJ,133.3,93.2435,18.6668,178.5956,-0.0294,0.3026,1.9154,0.1681,0.1974,0.2002,-0.5807,-0.2632,11.1384,-0.1975,-0.1711,1.7152,0.2665,,
Tre Tucker,WR,LV,135.2,114.3491,0.0,206.0258,-0.0608,-0.3514,1.8017,-0.1002,-0.1757,0.0,1.8011,0.4595,13.8223,0.0395,-0.0541,1.8017,0.5163,0.0733,0.1694
Woody Marks,RB,HOU,135.2,82.7693,0.0,183.7148,0.0137,-0.0345,2.2196,-0.0366,-0.0862,0.0,1.3604,0.1379,12.89,0.0503,-0.0345,2.2196,0.4218,-0.0893,-0.035
Jalen Nailor,WR,LV,135.8,107.113,0.0,198.536,-0.0372,-0.0972,1.8535,-0.0769,-0.1667,0.0,1.7474,0.375,13.6651,0.0397,0.125,1.8535,0.4837,0.2646,0.0824
Isaiah Likely,TE,NYG,136.9,95.8509,0.0,191.3521,0.1012,0.2727,1.9964,-0.0721,-0.2273,0.0,-0.5068,-0.1818,11.1741,0.1733,0.2727,1.9964,1.0,0.732,-0.0167
Jerry Jeudy,WR,CLE,137.7,116.2484,0.0,210.836,-0.0414,-0.3143,1.8137,-0.1064,-0.1714,0.0,1.6277,0.4,13.6762,0.0649,-0.0286,1.8137,0.358,-0.0415,0.0118
Dalton Kincaid,TE,BUF,138.2,89.8905,0.0,180.1527,0.0797,0.3636,2.0041,-0.0395,-0.1818,0.0,-0.4225,-0.2727,11.1174,0.1192,0.3636,2.0041,1.0,0.5268,0.2667
Jaydon Blue,RB,DAL,140.0,38.6638,1.7838,93.8534,0.0059,0.4464,2.4274,0.1436,0.375,0.0461,-3.8789,-0.4643,7.1033,-0.1377,0.3036,2.3813,0.1806,0.1267,0.032
Jalen McMillan,WR,TB,142.0,104.1345,23.6721,194.4102,-0.0354,-0.0441,1.8669,0.16,0.3382,0.2273,-0.7366,-0.2647,11.1384,-0.1955,-0.3971,1.6396,0.2826,0.2325,-0.08
Antonio Williams,WR,WAS,145.9,99.0212,22.9446,185.552,-0.0484,-0.0303,1.8739,0.1809,0.3939,0.2317,-0.6634,-0.2576,11.1384,-0.2293,-0.3636,1.6421,0.4454,,
Sam Darnold,QB,SEA,146.1,215.2578,67.9437,346.7617,0.0236,0.1538,1.6109,-0.0314,0.1538,0.3156,1.0242,0.3077,14.0032,0.055,-0.0769,1.2953,1.0,0.0004,-0.0424
Hunter Henry,TE,NE,148.4,105.7895,0.0,192.7512,-0.0243,-0.0909,1.822,-0.1264,-0.1364,0.0,1.2656,0.1818,13.1815,0.1021,-0.0909,1.822,1.0,0.2477,0.1529
C.J. Stroud,QB,HOU,148.7,199.7272,52.2252,317.371,-0.0828,-0.0769,1.589,-0.0269,-0.2308,0.2615,0.9429,-0.1538,13.13,-0.0559,0.0769,1.3275,1.0,0.236,0.0029
Kyler Murray,QB,MIN,149.0,127.3167,0.0,267.4585,0.035,0.3077,2.1007,-0.0149,-0.3846,0.0,-0.8445,-0.3846,7.6508,0.0499,0.3077,2.1007,1.0,0.7452,0.104
Brandon Aiyuk,WR,SF,149.1,,,,,,,,,,,,,,,,,,
Tyler Shough,QB,NO,151.7,186.3572,42.838,312.7351,-0.0664,0.2083,1.6781,-0.008,-0.2083,0.2299,-0.0922,-0.2083,11.4133,-0.0584,0.2083,1.4483,1.0,0.3856,0.12
Tyrone Tracy Jr.,RB,NYG,151.8,81.8866,0.0,180.669,-0.0039,-0.0741,2.2063,-0.0339,-0.0741,0.0,0.7789,-0.037,12.2974,0.0301,-0.0741,2.2063,0.4085,0.0037,0.032
Kenyon Sadiq,TE,NYJ,152.2,90.4272,20.9791,164.0987,-0.1071,-0.2727,1.8147,0.1896,0.3636,0.232,-1.02,-0.4545,10.5327,-0.2967,-0.3636,1.5827,1.0,,
Calvin Ridley,WR,TEN,153.0,108.9819,21.132,203.1959,-0.0189,-0.1094,1.8645,0.111,0.1719,0.1939,-0.806,-0.25,11.1384,-0.1299,-0.2969,1.6706,0.2894,0.1732,-0.0571
Brenton Strange,TE,JAX,153.7,88.764,0.0,177.9515,0.0748,0.4545,2.0048,-0.0334,-0.0455,0.0,-0.2615,-0.1818,11.2518,0.1081,0.4545,2.0048,1.0,0.367,0.0833
Chris Rodriguez Jr.,RB,JAX,154.4,62.6061,0.0,149.2049,0.0788,0.3269,2.3832,0.0247,-0.0769,0.0,-0.5436,-0.2885,10.7357,0.0541,0.3654,2.3832,0.28,-0.0092,0.1533
Alvin Kamara,RB,NO,155.5,61.3291,0.0,148.2493,0.1066,0.4,2.4173,0.0286,-0.08,0.0,-1.7602,-0.36,9.5032,0.078,0.44,2.4173,0.2493,-0.156,-0.1636
Malik Washington,WR,MIA,155.8,96.4734,0.0,183.1173,-0.0341,0.129,1.8981,-0.0426,-0.1935,0.0,2.0432,0.4194,13.8085,0.0085,0.1935,1.8981,0.5195,0.2509,0.0847
Zach Charbonnet,RB,SEA,156.0,86.7081,0.0,187.7681,-0.0211,-0.2292,2.1655,-0.0486,-0.0833,0.0,1.3134,0.1875,12.8918,0.0275,-0.2292,2.1655,0.3931,0.0158,0.3225
T.J. Hockenson,TE,MIN,156.1,92.1367,0.0,178.9564,0.0289,0.05,1.9423,-0.0518,-0.05,0.0,0.8894,-0.05,12.4825,0.0807,0.05,1.9423,1.0,0.3634,0.0453
Isiah Pacheco,RB,DET,156.6,71.3087,0.0,171.2163,0.1392,0.3478,2.4011,-0.0018,-0.087,0.0,-0.2509,-0.2609,11.1364,0.1409,0.3913,2.4011,0.2119,-0.0779,-0.0923
Ryan Flournoy,WR,DAL,156.8,81.3306,0.0,166.0975,0.051,0.35,2.0423,0.0063,-0.2,0.0,1.3037,0.1833,12.8523,0.0447,0.3833,2.0423,0.1718,0.0179,0.1733
Tank Dell,WR,HOU,158.2,106.8428,25.8538,193.0598,-0.0848,-0.3448,1.807,0.166,0.4828,0.242,-0.7754,-0.2586,11.1384,-0.2508,-0.4828,1.565,0.2588,,
Juwan Johnson,TE,NO,159.0,106.4485,0.0,199.4063,0.0302,-0.1111,1.8733,-0.13,-0.0556,0.0,1.4018,0.3333,13.3333,0.1602,-0.1111,1.8733,1.0,0.2989,0.0824
Daniel Jones,QB,IND,159.8,182.1477,48.6211,304.3066,-0.0968,0.0909,1.6707,0.045,0.0,0.2669,0.9472,-0.0909,12.238,-0.1417,0.0909,1.4037,1.0,0.2226,0.2369
Travis Hunter,WR,JAX,160.3,94.5228,21.9378,177.9378,-0.0573,-0.0179,1.8825,0.1958,0.4107,0.2321,-0.599,-0.25,11.1384,-0.2531,-0.3036,1.6504,0.1977,0.0984,-0.0171
Chris Bell,WR,MIA,160.4,89.2222,18.6172,169.2215,-0.0638,0.037,1.8966,0.1895,0.2222,0.2087,-0.5231,-0.2407,11.1384,-0.2533,-0.1852,1.688,0.4805,,
Dylan Sampson,RB,CLE,160.7,79.7752,0.0,178.308,0.0146,-0.0227,2.2351,-0.0275,-0.0909,0.0,1.2728,0.0682,12.7652,0.0421,-0.0227,2.2351,0.3367,0.0772,-0.0027
Germie Bernard,WR,PIT,161.1,96.2139,19.979,181.7389,-0.0443,-0.0192,1.8889,0.1659,0.2115,0.2077,-0.6232,-0.25,11.1384,-0.2102,-0.25,1.6813,0.2569,,
Bryce Young,QB,CAR,161.8,202.0552,62.0412,324.0536,-0.0553,-0.25,1.6038,0.0099,0.35,0.3071,1.6302,0.25,13.936,-0.0652,-0.25,1.2967,1.0,0.0383,0.0425
Oronde Gadsden,TE,LAC,162.4,88.6481,0.0,172.3944,0.0141,0.3125,1.9447,-0.0327,-0.0625,0.0,1.5323,-0.0625,13.043,0.0469,0.3125,1.9447,1.0,0.2512,0.0
Rashod Bateman,WR,BAL,162.8,93.6775,0.0,188.1043,0.0649,0.32,2.008,-0.0335,-0.22,0.0,0.1314,0.0,11.8567,0.0984,0.36,2.008,0.3202,0.1876,0.0154
Tank Bigsby,RB,PHI,163.2,61.5866,0.0,144.6097,0.0386,0.1905,2.3481,0.0278,-0.0952,0.0,1.2065,0.0,12.4732,0.0108,0.1905,2.3481,0.2445,0.0809,-0.024
Cooper Kupp,WR,SEA,163.4,96.7126,0.0,184.9812,-0.0186,0.2292,1.9127,-0.0433,-0.2292,0.0,0.9611,0.1458,12.7298,0.0248,0.2708,1.9127,0.2052,-0.002,-0.0375
Brian Robinson Jr.,RB,ATL,163.9,76.5814,0.0,167.6555,-0.0469,-0.225,2.1892,-0.0178,-0.1,0.0,1.7309,0.275,13.1837,-0.0291,-0.225,2.1892,0.2242,0.1024,-0.0212
Malik Willis,QB,MIA,164.4,126.5789,0.0,271.8399,0.0779,0.3333,2.1476,-0.0121,-0.3333,0.0,-0.8068,-0.3333,7.6508,0.0899,0.3333,2.1476,1.0,0.8392,0.35
Zachariah Branch,WR,ATL,164.6,62.6254,11.0884,134.5209,0.0839,0.4783,2.148,0.2437,0.087,0.1771,-0.1424,-0.2826,11.1384,-0.1598,0.3043,1.971,0.2486,,
Mike Washington Jr.,RB,LV,165.2,82.1288,18.0329,158.6855,-0.2769,-0.4211,1.9322,0.1849,0.4737,0.2196,-0.1655,-0.1842,11.3561,-0.4618,-0.4211,1.7126,0.2796,,
Adonai Mitchell,WR,NYJ,165.3,97.0007,0.0,184.0953,-0.0323,0.0227,1.8979,-0.0443,-0.2273,0.0,1.7756,0.25,13.5485,0.012,0.1136,1.8979,0.2772,0.1102,0.025
Tyler Allgeier,RB,ARI,167.0,75.9272,0.0,171.9231,0.025,0.0278,2.2643,-0.0158,-0.1111,0.0,1.8319,0.4722,13.2765,0.0408,0.0278,2.2643,0.3169,0.0698,0.2329
Isaac TeSlaa,WR,DET,167.3,74.8631,0.0,154.2669,0.0442,0.381,2.0607,0.0272,-0.2381,0.0,1.138,0.0952,12.594,0.017,0.4286,2.0607,0.1499,0.0405,0.2714
Cam Ward,QB,TEN,167.7,202.1287,57.7207,328.2569,-0.0347,-0.1875,1.624,-0.0119,0.3125,0.2856,2.0395,0.4375,14.3491,-0.0228,-0.1875,1.3384,1.0,0.0047,0.0471
Chig Okonkwo,TE,WAS,169.4,94.882,0.0,183.3735,0.0327,0.0,1.9326,-0.0668,-0.0714,0.0,1.9231,0.4286,13.5811,0.0995,0.0,1.9326,1.0,0.4578,0.0588
Keaton Mitchell,RB,LAC,170.1,56.2928,0.0,133.681,0.0394,0.1765,2.3747,0.0439,-0.1176,0.0,0.2575,0.0,11.4585,-0.0045,0.1765,2.3747,0.2869,0.1564,-0.0523
Jonah Coleman,RB,DEN,171.1,35.2401,1.2988,88.8577,0.0833,0.4688,2.5215,0.1447,0.3438,0.0369,-3.8364,-0.4375,7.1033,-0.0615,0.4688,2.4846,0.1541,,
Dalton Schultz,TE,HOU,171.8,103.6545,0.0,193.5024,0.01,-0.4167,1.8668,-0.1147,0.0,0.0,1.4534,0.0833,13.3188,0.1247,-0.4167,1.8668,1.0,0.1659,0.0353
Fernando Mendoza,QB,LV,172.9,106.2869,0.0,241.2488,0.0897,0.4286,2.2698,0.0646,-0.2857,0.0,0.2278,-0.2857,7.6508,0.0251,0.4286,2.2698,1.0,,
Ray Davis,RB,BUF,173.3,54.7671,0.0,126.2289,-0.0379,0.0,2.3048,0.0485,-0.1,0.0,2.0573,0.4,13.2394,-0.0865,0.0,2.3048,0.2123,0.072,0.0094
Darius Slayton,WR,NYG,175.7,81.7171,0.0,169.1458,0.0802,0.425,2.0699,0.0051,-0.25,0.0,0.5307,0.075,12.0848,0.0751,0.475,2.0699,0.3517,0.1375,-0.0429
